,Mean RMSE,Std RMSE
Tree Ensemble,0.05149273626681004,0.04514367427976308
